{
    "cleared_lines": 67.61193552656648,
    "holes": -79.12724865982082,
    "bumpiness": -13.860617221093328,
    "height": -2.970408114784526
}