{
    "cleared_lines": 89.99261080205308,
    "holes": -70.14233474706853,
    "bumpiness": -9.207483342838756,
    "height": -0.46194408429253286
}