{
    "cleared_lines": 160.32506723010997,
    "holes": -74.53236418847727,
    "bumpiness": -13.511856192337369,
    "height": -34.22350163019718
}