{
    "cleared_lines": 176.25736261235093,
    "holes": -91.411767233769,
    "bumpiness": -16.694022082934957,
    "height": -1.9698417991967716
}