{"train_loss": [11.605453338623047, 9.576051959991455, 8.157452545166016, 7.01777286529541, 6.014467220306397, 5.18651969909668, 4.53807674407959, 3.9189786815643313, 3.542705144882202, 3.1954083919525145, 3.0041480922698973, 2.7863938665390013, 2.6183755683898924, 2.443441324234009, 2.3990103960037232, 2.269763526916504, 2.230554237365723, 2.205690178871155, 1.9774973106384277, 1.9103140974044799, 1.810839810371399, 1.7675547981262207, 1.7113253593444824, 1.5748196172714233, 1.5080091953277588, 1.5544886922836303, 1.512688431739807], "val_loss": [10.192280769348145, 8.099958079201835, 7.462932314191546, 6.037117685590472, 5.544995035443987, 5.462139129638672, 4.6445974963051935, 4.171666554042271, 3.89304062298366, 3.8735572269984653, 3.5976665360586986, 3.4985455104282925, 3.772981745856149, 3.729069914136614, 3.636650562286377, 3.546562365123204, 4.086793320519583, 3.6155850206102644, 3.7048770018986295, 3.811143091746739, 3.8154033592769077, 3.7150281156812395, 3.905885934829712, 3.717092445918492, 3.8133693081992015, 3.7298731803894043, 3.777076176234654], "learning_rates": [0.001, 0.001, 0.001, 0.001, 0.001, 0.001, 0.001, 0.001, 0.001, 0.001, 0.001, 0.001, 0.001, 0.001, 0.001, 0.001, 0.001, 0.001, 0.0005, 0.0005, 0.0005, 0.0005, 0.0005, 0.0005, 0.00025, 0.00025, 0.00025]}